timestamp;nome;ISIN;nav_text_it;nav_float
2025-12-12T23:32:32.049917;Btp Italia Nv28 Eur;IT0005517195;101,1;101.1
2025-12-12T23:32:33.344235;Btp Valore Gn27 Eur;IT0005547408;102,31;102.31
2025-12-12T23:32:34.746186;Btp Piu' Sc Fb33 Eur;IT0005634800;100,05;100.05
2025-12-12T23:32:36.137277;Is Ep Cp Euro Stoxx Banks 82.124 300627;XS2480901110;1.017,99;1017.99
2025-12-12T23:32:37.442956;Is Bon Cap Stellantis 17.3844 55 130927;XS2651529708;830;830
2025-12-12T23:32:38.749761;Is Cc Volkswagen Pref 114.32 55 310528;XS2803386726;939,3;939.3
2025-12-12T23:32:40.041979;Is Bon Cap Airbus 152.954 55 310528;XS2803386056;1.001,92;1001.92
2025-12-12T23:32:41.438533;Is Ep Cp Euribor 3M .0195 291128;XS2922665703;990,22;990.22
2025-12-12T23:32:42.840954;Is Cc Puma/Adidas/Dk/Vf/Nike 60 310128;XS2733100296;909,99;909.99
2025-12-12T23:32:44.247303;Is Bon Cap Amazon Inc 207.84 55 291128;XS2922658328;1.032,72;1032.72
2025-12-12T23:32:53.838900;Eurizon PIR Obbligazionario - Edizione 9 Classe PIR;IT0005622276;5,116;5.116
2025-12-12T23:33:04.844537;Eurizon Progetto Italia 70 Classe PIR;IT0005241697;9,600;9.600
2025-12-12T23:33:06.253019;Covivio;FR0000064578;54,05;54.05
2025-12-12T23:33:08.249821;IGD;IT0005322612;3,365;3.365
2025-12-12T23:33:17.848644;Eurizon Next 2.0 - Strategia Conservativa ST;LU2399153290;108,84;108.84
2025-12-12T23:33:27.447066;Eurizon Next 2.0 - Diversificato 70 G;LU2178929886;147,63;147.63
2025-12-12T23:33:39.338599;Eurizon Manager Selection Fund - MS 40 R;LU0256013359;192,59;192.59
2025-12-12T23:33:53.448877;Eurizon Fund - Bond High Yield R;LU0114074718;263,72;263.72
2025-12-12T23:34:02.845127;Eurizon Opportunit√† Obbligazionaria Plus Dicembre 2029;IT0005609737;5,172;5.172
2025-12-12T23:34:12.648026;Eurizon Bilanciato 50 - Edizione 2;IT0005609851;5,208;5.208
2025-12-12T23:34:26.043345;Eurizon Azioni America;IT0001050126;51,213;51.213
2025-12-12T23:34:33.744630;Eurizon Valore Obbligazionario 3 anni - Edizione 4 Classe A;IT0005585697;5,314;5.314
2025-12-12T23:34:46.748776;Eurizon Fund II - Q-Flexible R;LU0365359032;181,79;181.79
2025-12-12T23:34:55.845197;Eurizon Fund - Equity Planet R;LU2050470850;154,72;154.72
2025-12-12T23:35:06.845443;Eurizon Fund - Equity Innovation R;LU2050470348;199,22;199.22
2025-12-12T23:35:18.341769;Eurizon Fund - Active Allocation R;LU1092477741;130,29;130.29
2025-12-12T23:35:29.050435;Eurizon Fund - Top European Research R;LU1393923617;172,24;172.24
2025-12-12T23:35:42.947467;Eurizon Fund - Equity World Smart Volatility R;LU0114064917;167,47;167.47
2025-12-12T23:35:52.649498;Eurizon Fund - Equity People R;LU2050470694;137,14;137.14
2025-12-12T23:36:03.439995;Eurizon Fund - Sustainable Japan Equity R;LU1543693508;153,10;153.10
2025-12-12T23:36:14.344006;Eurizon Fund - Top US Research RH;LU1344899445;245,75;245.75
2025-12-12T23:36:22.837460;Eurizon Fund - Global Allocation R;LU2629378014;117,59;117.59
2025-12-12T23:36:31.450240;Eurizon Fund - Equity High Dividend R;LU2357531032;133,51;133.51
2025-12-12T23:36:44.348356;Eurizon Manager Selection Fund - MS 70 R;LU0256013789;269,89;269.89
